{
 "ours_2000": {
  "SSIM": 18.97248823689047,
  "PSNR": 0.686954627343143,
  "LPIPS": 0.316437298068795
 }
}
